,tweet
0,"Wacana jalan berbayar atau electronic road pricing (ERP) di sejumlah jalanan DKI Jakarta terus menjadi perhatian. Dewan Perwakilan Rakyat (DPR) meminta wacana ini dikaji ulang lebih mendalam dan melihat sisi humanis dan kerakyatan.

#MedcomID 

https://t.co/qZG8GsrsZv"
1,"ERP electronic road pricing ... Ada lah cara mensterilisasi Jakarta dari warga nggak mampu atau pas-pasan. 

Gubernur give away tiada ahlak , tiada konsep keadilan ... https://t.co/tJcaEqkFcU"
2,"*Akan Semakin Membebani Masyarakat, PKS Tolak Pembahasan dan Penerapan ERP di Jakarta*
 
https://t.co/93ptTNywrE"
3,"ERP sebenarnya bagus tapi belum waktunya diterapkan di Jakarta. Singapur boleh pake ERP, di sana jalan 15 - 30 menit sudah ketemu transportasi umum, di Jakarta belum.

https://t.co/nRgolu6Lx7"
4,"@yudistirafind @arifgun4 @03___nakula Kinerja Nye berbisnis dengan rakyat Yee om???
https://t.co/Rs6SotPVV8"
5,"@HPringgondani @arifgun4 @03___nakula Yang ini ya kerjaan nya,yang penting fulus
https://t.co/Rs6SotPVV8"
6,Erp jakarta ini tolol bgt dah
7,Erp jakarta ini tolol bgt dah
8,"Mengenal ERP, cara Jakarta kurangi macet

https://t.co/G5Nr6Oi7eG"
9,"Wacana jalan berbayar atau electronic road pricing (ERP) di sejumlah jalanan DKI Jakarta terus menjadi perhatian. Dewan Perwakilan Rakyat (DPR) meminta wacana ini dikaji ulang lebih mendalam dan melihat sisi humanis dan kerakyatan.

#MedcomID 

https://t.co/qZG8GsrsZv"
10,"Tidak Hanya Jakarta, Kota Ini Juga Menerapkan Jalan Berbayar ERP https://t.co/0CLnpBLhHK"
11,"Tidak Hanya Jakarta, Kota Ini Juga Menerapkan Jalan Berbayar ERP

https://t.co/DlIcY9TMfs"
12,"Gue setuju dengan adanya ERP di Jakarta karena kalau mau ekstrim ngurangin polusi dan kemacetan, ini salah satu solusinya. TAPI transportasi umumnya minimal harus siap dulu, ini aja Busway, MRT, dan LRT masih banyak yang belum terintegrasi. Harus dikejar juga Pembangunannya. üôèüèΩ"
13,Subhanallah Apa benar Pemprov DKI Jakarta akan memberlakukan jalan berbayar di sejumlah ruas jalan dgn mengunakan kartu ERP. Kira2x seluruh warga Indonesia Setuju gak dgn diterapkan sperti ini. https://t.co/nmo5FMjIMP
14,"Kebijakan electronic road pricing (ERP) di Singapura dinilai berhasil mengurangi kemacetan dan menyandang gelar kebijakan best practice. Namun, tepatkah Jakarta mengimplementasi kebijakan tersebut?

https://t.co/p7aXDhQLFT"
15,"Sewaktu pandemi, jalan longgar, krn byk yg WFH. Jadi kl mau jalan gak macet di Jakarta, prsh yg bisa kasih WFH, kasih karyawan kerja di rmh. ERP bukan solusi yg tepat. Kasihan yg penghasilannya kecil."
16,"salah seorang ketua bidang dari masyarakat transportasi indonesia mengusulkan sampai rp 75 ribu. apakah ini cukup tinggi untuk mengurangi penggunaan kendaraan bermotor? perlu dikaji, memang.

https://t.co/uOu8SNhjqg"
17,"@siregar_ferro @Verraagustian_ MRT phase kedua blm selesai saat sosok itu selesai masa jabatannya, 5 tahun terbuang percuma.
LRT rwmangun-dukuh atas tertunda karena dibatalkan olehnya.
Hasilnya kemacetan di jakarta bertambah parah kondisinya.
Sistem erp tak berjalan selama 5 tahun lamanya saat dijabatnya."
18,"seistimewa-mewanya mobil listrik soal pajak, tetep aja lewat jalanan jakarta kena ERP. wkwkwk.. https://t.co/Z6IoOuQF4z"
19,"ERP itu sapu jagat, semua yg lewat bakal kena. Kurir, angkutan karyawan, mobil box, sales dll. Ini bikin ekonomi biaya tinggi. Sebaliknya naikin tarif parkir hanya mengenai kendaraan yg parkir kelamaan (berarti kendaraan hanya utk PP).
@DishubDKI_JKT  

https://t.co/TtgagIL5wg"
20,"Ketua Fraksi PKS DKI Jakarta Achmad Yani mengatakan, PKS menolak pembahasan dan penerapan kebijakan jalan berbayar elektronik atau¬†ERP. Ekonomi masyarakat belum pulih, apalagi adanya ancaman krisis.Kebijakan ERP tersebut jangan dipaksakan. Apalagi kalau IKN betul-betul diterapkan https://t.co/R6JqkK3K1W"
21,"Wacana jalan berbayar di Jakarta alias electronic road pricing (ERP) kembali mengemuka. Namun, ada sederet hal yang perlu diperhatikan nih. https://t.co/CrgiZMg8E8"
22,"Rencana Pemprov DKI Jakarta untuk menerapkan ERP, dikritisi pengamat kebijakan publik Emilda Tanjung, https://t.co/vtrk1iN43z..    

Baca: Sistem ERP, Menyalahi Hak Setiap Rakyat yang Memanfaatkan Fasilitas Umum

https://t.co/IAIpJhY3TN

https://t.co/7l1UNe4skn https://t.co/JHY0GGjF0S"
23,"Orang Jakarta sih tajir melintir, gak masalah kalau ERP diterapkan üòÇüòÇüòÇ
https://t.co/Vna2SJBlpE"
24,"Pemecahan dan penguraian kemacetan di Jakarta memerlukan masukan dari kalangan masyarakat ekonomi rendah seiring dengan bertambahnya jumlah mobil dan sepeda motor yang menjadi ancaman bagi pengguna jalan.

https://t.co/zFUbRrLZxi"
25,"mbanya ini sampein awalnya benerr kokk,soal Jakarta transportasi pilihannya udah banyak kalo emang masyarakat mager ya gimana lagi? makannya gue setuju ERP https://t.co/IOJ2wLp1lp"
26,"Guru gue ada yg jago bener optimisasi transportasi, belio juga ngitung kalo hari ke-3 ganjil genap sudah ga berefek menurunkan kemacetan Jakarta ü§£

Setuju banget gue ERP dengan earmarking alokasi budget ke public transport."
27,"https://t.co/9p9uBpSoyc @DKIJakarta @jokowi @FirzaHusainID @Leonita_Lestari @Paltiwest @HeryIdris5 sudah saatnya Jakarta menerapkan ERP,karena kalau tidak diterapkan ERP. Kemacetan di JAKARTA MAKIN PARAH. OJOL N KURIR PASTINYA sm seperti angkut umum"
28,Sudah tepatkah sistem ERP diberlakukan di Jakarta?
29,Sudah tepatkah sistem ERP diberlakukan di Jakarta?
30,Survei DTKJ: 83 Persen Responden Berharap Tarif ERP bakal Mengurangi Kemacetan Jakarta https://t.co/kfrvAbuQxG
31,"Jalan berbayar atau electronic road pricing (ERP) rencananya akan diterapkan di DKI Jakarta. Akan tetapi, Wakil Ketua Komisi V DPR RI, Muhammad Iqbal, meminta rencana pemberlakuan ERP dikaji ulang.
https://t.co/bFSHculhHl"
32,Survei DTKJ: 83 Persen Responden Berharap Tarif ERP bakal Mengurangi Kemacetan Jakarta https://t.co/aE41O2lEXh #TempoMetro
33,DKI Jakarta akan menerapkan jalan berbayar elektronik atau electronic road pricing (ERP). Sepeda motor pun diusulkan masuk dalam kendaraan yang wajib membayar.  https://t.co/EjxKesx27W
34,"Koq bisa ya jalan yg dibuatnya sdh lama banget dan penggunaannya gratis rencananya akan menjadi jalan berbayar?

Tujuannya apa sih? https://t.co/HbmUvHuIxQ"
35,Pengguna mobil listrik tetap harus membayar tarif saat hendak melintasi jalur ERP di Jakarta. Benarkah itu membuat mobil listrik tak spesial lagi?  https://t.co/nRe3bviL5Q
36,"Selain ERP, ternyata masih ada beberapa hal yang bisa dilakukan Pemprov DKI Jakarta. Berikut penjelasannya. https://t.co/Q7AgXVcLjY"
37,"Sikap PKS Terhadap Penerapan Jalan Berbayar Di Jakarta

#erp #jalanberbayarjakarta #jalanberbayar #pks #sholikhah #DPRDDKIJakarta https://t.co/z1jiHVm5mX"
38,Transportasi umum dari luar menuju Jakarta juga harus jadi hal yang dipertimbangkan. https://t.co/CrOuhPX6pl
39,"Pemprov DKI Jakarta berencana menerapkan jalan berbayar elektronik (ERP). Tarif yang diusulkan, mulai dari Rp5 ribu - Rp19 ribu. https://t.co/BDSfPYVxmC #Infografis #CNNIndonesia https://t.co/Y3mjHRDEHl"
40,"Jakarta masih ada pembangunan MRT, LRT fase 2, rencana ERP, vehicle age limit, dsb.

EV transition is an investment driven policy. It is never intended to solve mobility issues in tier 1 cities. Mobility issues kayanya lebih cocok diurus sama pemda. https://t.co/mSAHYG3oMf"
41,"@TheRestless54 @resir014 di Jakarta sdh ada rencana ERP di beberapa jalan, harusnya dikawal krna rawan utk dijegal"
42,"Pemerintah Provinsi DKI Jakarta akan menerapkan sistem jalan berbayar elektronik atau Electronic Road Pricing (ERP) pada 2023. Sistem tersebut sudah banyak diterapkan di negara maju. Apa saja?

Simak selengkapnya berikut ini.
https://t.co/xhpN1eBdUe https://t.co/AyazXZJFje"
43,KETUA Komisi B DPRD DKI Jakarta Ismail mengungkapkan keberatannya terhadap rencana Pemprov DKI Jakarta yang ingin menerapkan jalan berbayar elektronik atau 'electronic road pricing' (ERP)  https://t.co/02U3wpgHum
44,#MostPopuler Siap-siap Bayar! ERP Jakarta Akan Sasar Sepeda Motor https://t.co/aFHUrLqZxi
45,"Pemprov DKI Jakarta berencana untuk menerapkan sistem jalan berbayar elektronik atau Electronic Road Pricing (ERP) di sejumlah jalan di Ibu Kota. Kebijakan tersebut dinilai bukan solusi, malah membebani rakyat.

Selengkapnya : https://t.co/wgB6tou9XG 
___
#100kpjcom #ERP #Jakarta https://t.co/W9YOe1Ag9m"
46,Siap-siap Bayar! ERP Jakarta Akan Sasar Sepeda Motor https://t.co/qmD8I5i5mi
47,Ada beberapa catatan agar ERP ini efektif mengalihkan pengguna kendaraan pribadi ke transportasi umum. Salah satunya penentuan tarif.  https://t.co/BvEfp3IURi
48,"Jakarta Bakal Adopsi Jalan Berbayar ERP, Simak Perbandingannya di Negara Lain https://t.co/yyiJ3lBNAF #TrenAsia"
49,Ada beberapa catatan agar ERP ini efektif mengalihkan pengguna kendaraan pribadi ke transportasi umum. Salah satunya penentuan tarif.  https://t.co/yCGLM1QpwW
50,"Rencana penerapan aturan jalan berbayar elektronik atau ERP juga menuai pro dan kontra di DPRD DKI Jakarta. Selain dinilai dapat mengurangi masalah kemacetan, di sisi lain penerapan ERP justru dianggap tak efektif dan hanya menambah beban masyarakat. https://t.co/ns6OyEQSsE https://t.co/TDZZX6TUwJ"
51,"Rencana ERP itu sebaiknya dikaji ulang. Terlebih, transportasi publik di wilayah Jakarta dan sekitarnya tidak merata,"" kata Muhammad Iqbal di Jakarta, Jumat."
52,Aspek Indonesia meminta Pemprov DKI tidak memberlakukan ERP di Jakarta. https://t.co/Hu5J2dDH2Y
53,"MTI: Tarif ERP di Jakarta Harusnya Rp75 Ribu, Biar Jera! https://t.co/35tROYwBQf https://t.co/cK3gF8aJGN"
54,Transportasi umum di Jakarta dinilai sudah sangat siap untuk 'mengawal' kebijakan jalan berbayar atau electronic road pricing (ERP).  https://t.co/kfbhuCqdvj
55,"DPR Minta Wacana ERP di DKI Ditinjau Ulang, Fokus Maksimalkan Transportasi Publik https://t.co/H2wXi4igiK"
56,"Butuh kehati-hatian memberlakukan jalan berbayar elektronik atau ERP di Jakarta yang menimbulkan banyak polemik
https://t.co/w0VyxnfvWq"
57,"Pemerintah Provinsi DKI Jakarta sedang mematangkan rencana penerapan jalan berbayar elektronik (electronic road pricing/ERP) untuk mengurangi kemacetan.

 Kamu tim pro atau kontra nih?

Read more: https://t.co/0MRGp0yIrw"
58,"Meski penerapan ERP dinilai dapat menekan kemacetan di Jakarta, namun kebijakan itu dianggap tidak berpihak kepada pengemudi ojek online (ojol).

https://t.co/Mv1F4ZPdhs"
59,"Penerapan ERP Dianggap Tidak Berpihak pada Pengemudi Ojek Online

Rencana penerapan tarif jalan berbayar atau electronic road pricing (ERP) untuk kendaraan bermotor, juga berlaku untuk kendaraan roda dua di Jakarta. https://t.co/uaeTwdQuch"
60,Kemacetan di DKI Jakarta tidak akan bisa dihindari karena ruas jalan di ibu kota memang terbatas dan jumlah kendaraan yang melintas juga banyak. https://t.co/d3YnDQXETU
61,"Wakil Ketua Komisi V DPR Muhammad Iqbal meminta rencana #ERP dikaji ulang, terlebih transportasi publik di wilayah Jakarta dan sekitarnya tidak merata.

https://t.co/qOUkpqmA9O"
62,"Intip Kebijakan Jalan Berbayar ERP di Berbagai Kota Dunia
Sebelum Jakarta, kota-kota dari seluruh dunia ini juga lebih dahulu menerapkan ERP, kebijakan dan tarifnya pun berbeda-beda.
https://t.co/kkrVJWJv8R"
63,"#MostPopuler Jakarta Mau Terapkan ERP, Biaya Naik Angkutan Umum Harus Lebih Murah https://t.co/8rCgZCZ3nq"
64,"Jakarta Mau Terapkan ERP, Biaya Naik Angkutan Umum Harus Lebih Murah https://t.co/qzOpJCciIu"
65,Asosiasi ojek online (OJOL) Gabungan Aksi Roda Dua (Garda) Indonesia menolak wacana Pemerintah DKI Jakarta akan menerapkan Electronic Road Pricing (ERP) atau jalan berbayar elektronik di 25 ruas jalan pada 2023. https://t.co/KnzTA9P90D https://t.co/2cET9GH7IM
66,MTI menilai wacana pengenaan tarif jalan berbayar atau Electronic Road Pricing (ERP) di sejumlah ruas jalan di Jakarta Rp5.000-Rp19.000 terlalu murah https://t.co/UYuWsxYZdo
67,Penerapan ERP di Jakarta akan dilakukan bertahap agar masyarakat bisa membiasakan diri dengan kebiasaan baru https://t.co/1e24cxm9hj
68,Parameter penentuan tarif ERP harus didasarkan pada simulasi biaya transportasi yang harus ditanggung oleh pengguna jalan. https://t.co/wJ6oASlUGf
69,"PKS dan PSI Lagi Kompak, Tolak Jalan Berbayar ERP di Jakarta https://t.co/Gqa4XrgRQw #TempoMetro"
70,Tarif Termahal ERP Jakarta Diusulkan Rp75 Ribu Naik dari Rp19 Ribu https://t.co/prL9Lrmfg6
71,"Wacana jalan berbayar di Jakarta alias electronic road pricing (ERP) kembali mengemuka. Namun, ada sederet hal yang perlu diperhatikan nih. https://t.co/PlGzQJYyqD"
72,ERP Jakarta https://t.co/MXaoskCtX8
73,"Pemerintah Provinsi DKI Jakarta merencanakan penerapan jalan berbayar atau Electronic Road Pricing (ERP) di 25 ruas jalan ibu kota. 

#MedcomID

https://t.co/BZNZWajaa8"
74,"Direktur Center of Budget Analysis (CBA) Uchok Sky Khadafi, mengkritisi rencana Pemprov DKI Jakarta menerapkan jalan berbayar atau electronic road pricing (ERP). Kebijakan era Gubernur Ahok dihidupkan kembali oleh Penjabat (Pj) Gubernur DKI, Heru Budi‚Ä¶ https://t.co/5agdYu5KHD"
75,"Menurut lembaga Masyarakat Transportasi Indonesia, Pemprov DKI Jakarta perlu siapkan layanan angkutan umum dahulu sebelum menerapkan ERP atau jalan berbayar.  https://t.co/Zlh5P57SPj"
76,Heru: Jalan Berbayar ERP Jakarta Diterapkan Secara Bertahap https://t.co/QLXPDBCjKr
77,ERP (Electronic Road Pricing) tidak efektif diterapkan di DKI Jakarta. Apa solusinya?  https://t.co/kvqg07O4bQ
78,FOTO: Wacana Jalan Berbayar ERP Jakarta Jerat Sepeda Motor https://t.co/AMu9cUjVhC
79,"MTI DKI Jakarta menyatakan supaya kebijakan jalan berbayar diterapkan dengan basis kawasan, bukan jalan. Dengan dipastikan berbasis kawasan, layanan angkutan umum pada area tersebut mesti mampu memenuhi kebutuhan.

https://t.co/72XiDBs91Q

 #Metropolitan #AdadiKompas"
80,"ERP Akan Diterapkan di 25 Ruas Jalan di Jakarta, Motor hingga Mobil Bayar, Cek Lokasinya di¬†Sini https://t.co/O6LYfzKaRF"
81,"Masih Ada Alternatif Lain untuk Kurangi Kemacetan

#ERP #Jakarta #fraksipksdkijakarta #alegpks #ketuakomisiB https://t.co/GTbIOjmOTl"
82,Baru tau akan ada ERP di jakarta :(
83,#MostPopuler Angkutan Umum Jakarta Lebih Baik daripada Pertama Kali Singapura Terapkan ERP https://t.co/nKnbTDHPuy
84,Angkutan Umum Jakarta Lebih Baik daripada Pertama Kali Singapura Terapkan ERP https://t.co/ROSopd7iFQ
85,Sepeda motor diusulkan masuk dalam kendaraan yang wajib membayar ketika melintasi beberapa ruas jalan di Jakarta. detikers setuju ga?  https://t.co/xtY0A3RePX
86,"Dilarang beli kendaraan roda empat, dua, dll secara kreditan. üí©
Tidak punya garasi, tidak boleh beli kendaraan.
Tarif Parkir 50rb/jam.

https://t.co/5Vr4Bwr7M8

ERP (Electronic Road Pricing) tidak efektif diterapkan di DKI Jakarta. Apa solusinya?"
87,"Saya masih gagal paham atas rencana kebijakan Pemprov DKI Jakarta memberlakukan tarip jalan berbayar atau ERP. Kondisi pasca pendamik Covid seharusnya negara lebih peka dan empathy terhadap rakyat, jangan justru sebaiknya.
#TolakERP
#GubernurDKI

https://t.co/VowIudmjsS"
88,"Sejumlah ruas jalan di Jakarta bakal dikenai tarif jalan berbayar atau electronic road pricing (ERP) termasuk para pengguna sepeda motor. 

Regulasi tersebut tengah dibahas Pemprov DKI Jakarta saat ini. https://t.co/ybXLjwPDsK"
89,"Pemerintah Provinsi DKI Jakarta merencanakan penerapan jalan berbayar atau Electronic Road Pricing (ERP) di 25 ruas jalan ibu kota. 

#MedcomID

https://t.co/BZNZWajaa8"
90,Benarkah ERP Cara Jakarta Kurangi Cacet https://t.co/PULvaPab4r
91,"Mengenal ERP, cara Jakarta Kurangi¬†Macet https://t.co/g4ZkP50TI7"
92,"Pemprov¬†DKI Jakarta sedang mematangkan rencana penerapan kebijakan jalan berbayar elektronik atau electronic road pricing (ERP). Apakah hal ini akan efektif untuk kurangi kemacetan di Ibukota? 

Yuk kenali ERP!
https://t.co/ASNjKrYRjR"
93,Kapasitas angkutan umum ditingkatkan dalam beberapa waktu ke depan untuk dukung penerapan ERP di DKI Jakarta https://t.co/de2HHrOZP1
94,"Ojek Online Bisa Kebal Tak Kena Jalan Berbayar di Jakarta alias ERP, Apa Syaratnya? https://t.co/wnjI5nf5dw"
95,"Kapan Penerapan ERP atau Jalan Berbayar di Jakarta Berlaku, Heru Budi: Masih Ada 7 Tahapan Lagi https://t.co/tXk3tmRgLl"
96,"#MostPopuler ERP Jakarta Akan Sasar Sepeda Motor, Siap-siap Bayar! https://t.co/1pPMgGkEPn"
97,Penjabat (Pj) Gubernur DKI Jakarta Heru Budi Hartono memastikan tetap memaksimalkan ketersediaan transportasi umum meski pihaknya berencana merealisasikan penerapan Electronic Road Pricing (ERP) atau jalan berbayar elektronik. ‚ÄúYang diutamakan itu yang‚Ä¶ https://t.co/Tp9dSqYWR0
98,"ERP Jakarta Akan Sasar Sepeda Motor, Siap-siap Bayar! https://t.co/e39P7KjJzD"
99,"Soal Jalan Berbayar ERP, Jakarta Bisa Tiru Singapura atau Swedia https://t.co/yn0yoaR1q1"
100,"Menurut lembaga Masyarakat Transportasi Indonesia, Pemprov DKI Jakarta perlu siapkan layanan angkutan umum dahulu sebelum menerapkan ERP atau jalan berbayar.  https://t.co/UWYnMHRwyK"
101,"Pemprov DKI Jakarta tengah mengusulkan sistem jalan berbayar elektronik (ERP).

Gimana menurut Temen Motion tentang usulan ERP ini??

https://t.co/QOgZE9g2cN"
102,"Sejumlah ruas jalan di Jakarta bakal dikenai tarif jalan berbayar atau electronic road pricing (ERP) termasuk para pengguna sepeda motor. Regulasi tersebut tengah dibahas Pemprov DKI Jakarta saat ini.

#erp #jalan #bayar #motor #dkijakarta #pikiranrakyat #PRMN https://t.co/Ebqmaeo6tx"
103,"Terkait penerapan ERP di ruas jalan DKI Jakarta, sudahkah pemerintah memperhitungkan manajemen risikonya supaya lebih efisien? #Infinite 
https://t.co/p9IMtQ5p7w"
104,"Tarif Jalan Berbayar ERP Jakarta Terus Dibahas, Ini Saran MTI https://t.co/G2ZMiT8poR"
105,"MTI Usul Penerapan ERP Jakarta Berbasis Kawasan, Bukan Koridor Jalan https://t.co/2eigLu61c3"
106,"@txtdrjkt Kalo ERP Jakarta berjalan, hehe"
107,"Dukung ERP, Dishub DKI Jakarta pastikan kapasitas dan kualitas trasnportasi umum Jabodetabek meningkat. https://t.co/4qCk5DoQ8Z"
108,puas puasin dulu nikmatin city light Jakarta naik motor sebelum diberlakuin ERP üòå
109,puas puasin dulu nikmatin city light Jakarta naik motor sebelum diberlakuin ERP üòå
110,"Sejumlah pengamat Transportasi  mendukung rencana penerapan ERP, bahkan mengusulkan agar  tarif ERP ditetapkan diatas  Rp 20.000.

[TALK] Ketua Dewan Transportasi Kota Jakarta (DTKJ) periode 2020-2023 - Dr Haris Muhammadun https://t.co/CNBkhRIl0J"
111,Pemerintah Provinsi (Pemprov) DKI Jakarta tengah menggodok sistem jalan berbayar elektronik atau ERP di 25 ruas jalan DKI Jakarta. https://t.co/bnES7hH2fd
112,"https://t.co/GXbSARDqGK

ERP wajib dipahami, direncanakan, dan diimplementasikan sebagai bagian integral yang tidak terpisahkan dari strategi besar dan utuh manajemen transportasi wilayah perkotaan."
113,"gua setuju ada ERP di Jakarta, asal, mekanisme bayarnya jelas dan tidak meribetkan, serta jaringan transportasi umum, first mile, last mile yang lebih baik"
114,Masang sistem erp di jalanan jakarta either they‚Äôre that stupid to think itu bakal ngurangin kemacetan or they‚Äôre that smart karena tau orang indo bodo amat jadi ujung ujungnya bakal jadi sumber income deres
115,"@Adenurj62093638 @raswandy_w @ekowboy2 Sepakat palakin arterinye ü§≠

https://t.co/jWaZd49Wwx https://t.co/MwuhNfOW9w"
116,Bagaimana menurut para sohib semua kalau Jakarta menerapkan jalan berbayar pengganti sistim Ganjil-Genap dgn menerapkan ERP?
117,Bagaimana menurut para sohib semua kalau Jakarta menerapkan jalan berbayar pengganti sistim Ganjil-Genap dgn menerapkan ERP?
118,"Sekjen PAS Indonesia Keberatan penerapan ERP di DKI Jakarta
#JEONGHANxYSLPFW #TheLastOfUs #LoveIslandUK https://t.co/uU7JisN3Bu"
119,Pengamat Sebut Heru Budi Tak Punya Beban Politik untuk Terapkan Tarif ERP Jakarta https://t.co/R4TSFiR1yD #TempoMetro
120,"Sekjen PAS Indonesia Keberatan penerapan ERP di DKI Jakarta
#JEONGHANxYSLPFW #TheLastOfUs #LoveIslandUK https://t.co/DpMahMCz9n"
121,"Sekjen PAS Indonesia Keberatan penerapan ERP di DKI Jakarta
#JEONGHANxYSLPFW #TheLastOfUs #LoveIslandUK https://t.co/CfI7lqUhUL"
122,"Pengamat Transportasi Unika Soegijapranata, Djoko Setijowarno menilai bahwa kebijakan Jalan Berbayar Elektronik (elektronic road pricing/ERP) di Jakarta hanya berani diterapkan oleh gubernur yang tak menomor satukan popularitas."
123,"Sekjen PAS Indonesia Keberatan penerapan ERP di DKI Jakarta
#JEONGHANxYSLPFW #TheLastOfUs #LoveIslandUK https://t.co/EI1LkKk5U3"
124,"Sekjen PAS Indonesia Keberatan penerapan ERP di DKI Jakarta
#JEONGHANxYSLPFW #TheLastOfUs #LoveIslandUK https://t.co/DpBKsVmIWz"
125,"Sekjen PAS Indonesia Keberatan penerapan ERP di DKI Jakarta
#JEONGHANxYSLPFW #TheLastOfUs #LoveIslandUK https://t.co/cMu2sF1OuN"
126,"Namun, dengan adanya penerapan ERP ini justru mengakibatkan polemik di antara para pengemudi angkutan online, baik taksi maupun ojek online.

https://t.co/6Udj6mpwLl"
127,"Sekjen PAS Indonesia Keberatan Penerapan ERP di DKI Jakarta

Dalam upaya mengurangi kemacetan lalu lintas di ibu kota, Pemerintah Provinsi (Pemprov) DKI Jakarta rencananya akan menerapkan ERP atau kebijakan jalan berbayar di sejumlah ruas di kawasan metropolitan. https://t.co/mGOQCg2WwL"
128,"https://t.co/445jRfaCoY¬†‚Äì Tidak hanya kendaraan roda empat dan lebih saja, Pemerintah Provinsi (Pemprov) DKI Jakarta juga memastikan kalau kendaraan bermotor roda dua juga akan dikenakan tarif layanan sistem jalan berbayar elektronik atau disebut electronic road pricing (ERP). https://t.co/2Zz1qJKikR"
129,"Rakyat, tapi tumpul ke atas untuk pejabat negeri ini beserta para kansnya. Peraturan negeri ini bisa dirubah oleh pejabat di negeri ini dengan sesuka hatinya. Setelah kebijakan ERP ini di berlakukan, apakah warga Jakarta akan sejahtera? Sekali lagi ini cuma tanya aja lho. Catatan"
130,Pemprov DKI Jakarta memastikan bahwa pengendara kendaraan bermotor roda dua akan dikenai tarif layanan sistem jalan berbayar elektronik (electronic road pricing/ERP). https://t.co/LvNwXnIUCc
131,"Fasilitas armada moda transportasi massal pun layak dan banyak, wajar di terapkan ERP. Lha kalian coba lihat negeri ini dengan pendapatan per kapita nya cuma Rp. 67 jutaan. Lihat juga jumlah unit armada moda transportasi massal di wilayah penyangga DKI Jakarta seperti busway,"
132,"Kendaraan bisa lebih dari 2 kali melintasi jalan yang kena ERP, tentu pendapatan APBD-nya bisa lebih besar lagi. Berarti untuk pendapatan APBD DKI Jakarta tahun 2024 bisa lebih dari Rp. 100 triliyun. Saya hanya mau tanya aja, siapa yang diuntungkan dari kebijakan ERP ini?"
133,"Wilayah DKI Jakarta. Pendapatan dari ERP ini sekitar Rp. 30 miliyar sehari persekali jalan. Jika dalam satu tahun sebanyak 365 hari, maka pendapatan pemerintah DKI jakarta dari ERP persekali jalan sebesar Rp.¬†10,950,000,000,000. Bisa kalian hitung sendiri jika seseorang memiliki"
134,"Provinsi DKI menjadi, provinsi terkaya di Indonesia, gokil banget deh, Ki Demang asal ngomong aja! Kalian sebagai warga Jakarta harus mengetahui pendapatan APBD DKI Jakarta tahun 2023 telah diputuskan sebesar Rp. 83,7 triliun. Apalagi ketika ERP sudah di terapkan di 25 ruas jalan"
135,"Kendaraan sendiri. Baik kendaraan roda dua, roda empat maupun lebih ketika melewati di 25 ruas jalan wilayah DKI jakarta yang telah di pasang ERP maka akan kena biaya antara Rp. 5,000 sampai dengan Rp. 19,000 sekali melintas.¬†Wew banget lho ndro. Ketika ERP ini di berlakukan maka"
136,"Dibungkus dengan kalimat untuk mengurangi kemacetan di wilayah Provinsi DKI Jakarta. Siapakah pengguna ERP ini? Warga DKI Jakarta, warga daerah penyangga DKI Jakarta, warga daerah diluar DKI Jakarta &amp; wilayah penyangga DKI Jakarta yang sedang berkunjung ke Jakarta membawa"
137,Provinsi DKI Jakarta mulai menerapkan ERP di 25 ruas jalan wilayah DKI Jakarta. Silahkan kalian baca vidio berita yang screenshoot dari dari berbagai dan berbagai tanggal. Atau bisa juga kalian cari judul berita yang sejenis dari media dan tanggal yang berbeda. Kebijakan ERP ini https://t.co/VEl8u2E3My
138,"Kepala Dishub Jakarta Syafrin Liputo, aturan soal sepeda motor juga harus membayar ERP itu sudah dimasukkan dalam Raperda tentang Pengendalian Lalu Lintas secara Elektronik.

Baca artikel selengkapnya di https://t.co/tRFvlb3XK6

#trendingviral #SatuViral #beritaterkini #Viral https://t.co/GY6EQNNFRl"
139,"@kensxo @txtdrjkt Elu bantah fakta pake opini. ERP mengurai dan mengurangi kemacetan itu fakta. ERP hanya memindahkan kemacetan itu opini. Sekarang gua tanya gimana caranya orang cari jalan lain, padahal jalan yang dituju aja kena ERP? Mau muter Jakarta seharian sampe bego juga gak bakal sampe"
140,"Sekjen PAS Indonesia Keberatan Penerapan ERP di DKI Jakarta
 https://t.co/6AQVHsptBh lewat @transonlinecom"
141,"Berbagai kebijakan dilakukan untuk mengurai kemacetan Ibu Kota. Kini sistem jalanan berbayar atau ERP kembali diwacanakan Pemprov DKI Jakarta. Lalu apakah ini sudah jadi solusi yang tepat?

#NewsSCTV #Liputan6Siang 

Berita lainnya: https://t.co/qb6lW4Vzxl https://t.co/njr9fQLh18"
142,"Wakil Ketua Komisi E DPRD DKI Jakarta, Anggara Wicitra Sastroamidjojo menilai bahwa tanpa dibarengi perubahan perilaku masyarakat untuk beralih ke moda transportasi umum, maka ERP hanya akan membuat kemacetan beralih ke ruas-rusa jalan yang tidak berbayar.
https://t.co/dGxRvlBfT4"
143,Pengamat Kebijakan Publik Agus Pambagio menilai Program Jalan Berbayar Elektronik (elektronic road pricing/ERP) yang tengah digodok Pemerintah Provinsi DKI Jakarta tidak akan efektif mengurangi kemacetan jika tanpa dibarengi kebijakan lain.
144,"Penerapan jalan berbayar (ERP) di DKI Jakarta dinilai akan mengurangi tingkat kemacetan karena mampu menekan penggunaan kendaraan pribadi. Kemudian, penerapan ERP juga akan berdampak terhadap pendapatan daerah sehingga mampu mendanai subsidi angkutan umum.
https://t.co/N3IF2HLfUm"
145,"Praktik ERP telah berhasil dilakukan di sejumlah negara, kini wacana kebijakan ERP di Jakarta semakin menguat. Langkah apa saja yang perlu dilakukan? #Headline https://t.co/qc2klRnQn1"
146,"@txtdrjkt Yg dinyinyirin bukan ERP nya, karena ERP langkah tepat di Jakarta. Nyinyirin dan tuntut peningkatan kualitas dan armada transportasi publik klo ERP bener2 jadi dilaksanakan. Duit ERP harus lari ke transportasi publik.

Jangan semua asal dinyinyirin kayak org begok IQ78 hahaha."
147,"@6undul0h Pasang ERP di smua perbatasan Jakarta, jadi kendaraan yang masuk Jakarta seperti beli tiket rekreasi sekali bayar boleh muter¬≤ sepuasnya üòÇ"
148,Pengamat Usul Tarif Jalan Berbayar di Jakarta atau ERP Maksimal Rp 75 Ribu https://t.co/HledJebgji
149,"Menu standar makan siang karyawan kantoran di Jakarta, pantesan gaji dobel digit tapi masi gak bisa nabung. Belum buat beli sepatu Tory Burch, lanyard Charles &amp; Keith, iPhone. 

Ngisi pertalit sambil ngantri nggak dihitung? Belom lagi jalan berbayar ERP? ü§£ https://t.co/FcktdibxrC"
150,Jalan Panjang Kebijakan ERP di Jakarta https://t.co/cFNc49YScl
151,"Top News Koran Rakyat Merdeka

Sasaran ERP Bukan Hanya Mobil
Motor Juga Harus Bayar Melintas Jalan Di Jakarta https://t.co/dBLch4oalv"
152,"Pagi Sob! Menurut Ketua Komisi B DPRD DKI Jakarta, Jakarta bisa menghasilkan Rp60 Miliar per hari dari jalan berbayar ERPüò± 

Gimana tanggapan kamu nih Sob?üëÄ

#AktivitasTanpaBatas https://t.co/ARgrlO884j"
153,apa2an jakarta kena tarif erp gajelassss udeh bener gw dinas ke semarang mulu deh hidup bahagia di gosan city
154,"kalo singapore sama stockholm mah pola sirkulasi jalan disana ngegrid, ga kaya jakarta yang acak2an. 
masyarakat disana juga udah dimanja sama public transport ga kaya disini orang mau naik krl aja masih takut.
Jadi kalo kata gw mah ini penerapan ERP di tiap jalan gage agak maksa https://t.co/PBmNZcuYr4"
155,"Heru dkk Bakal Terapkan ERP untuk Atasi Kemacetan Jakarta, Gilbert PDIP: Bukan Prestasi, Ini Beban Buat Rakyat! https://t.co/iCoPpREta8"
156,"Aiiih... kereeen dah pak Gubernur... 

Pengendara motor dipastikan dikenai tarif ERP di Jakarta https://t.co/gz8378ceFQ"
157,"Pemprov DKI Jakarta memastikan bahwa pengendara kendaraan bermotor roda dua akan dikenai tarif layanan sistem jalan berbayar elektronik (electronic road pricing/ERP).

Baca selengkapnya di https://t.co/B25a9ravPn https://t.co/rBuc9UwrIq"
158,"Apakah tujuan ERP untuk cari duit? Etis kah jika kegagalan menyediakan transportasi publik yg layak, nyaman dan memadai malah dimanfaatkan untuk menambah pendapatan dengan menerapkan ERP? Kebijakan yg tidak etis niscaya tidak akan didukung oleh publik.

https://t.co/Z6O55hAgjZ"
159,"Pemprov DKI Jakarta akan memberlakukan jalan berbayar atau ERP di sejumlah jalan di Ibu Kota.

Namun aturan itu tak sepenuhnya didukung oleh masyarakat, salah satunya soal transportasi umum yang sampai saat ini dinilai belum memadai. &lt; #Megapolitan #ERP

https://t.co/r0TxryyMfn"
160,Penerapan jalan berbayar (ERP) dikhawatirkan hanya akan memindahkan kemacetan dari jalan berbayar ke jalan tidak berbayar. Kebijakan ini tak lebih dari sekadar komersialisasi jalan dan dapat ditafsirkan sebagai keputusan elit yang merampas kebebasan‚Ä¶ https://t.co/0JlRCy5wSC
161,"@em_er_zet PAD Jakarta udah banyak ini masih mau nguruk duit dari ERP, they missed the whole point. akan sangat efektif kalau berlaku sesudah LRT dan MRT fase 2 selesai, jadi org punya pilihan lain."
162,"wahai warga jakarta dan sekitarnya, ini pada ngga ada yang nolak rencana penerapan ERP kah? jika jadi diterapkan nanti jalan protokol serupa jalan tol lo. kita rakyat harus bayarr!!!!"
163,"wahai warga jakarta dan sekitarnya, ini pada ngga ada yang nolak rencana penerapan ERP kah? jika jadi diterapkan nanti jalan protokol serupa jalan tol lo. kita rakyat harus bayarr!!!!"
164,"Wacana ERP di Jakarta, Sahroni: Asas Manfaat Harus Diperhatikan

 #Sindonews #BukanBeritaBiasa .https://t.co/NvEbiVAZ6l"
165,"Wacana ERP di Jakarta, Sahroni: Asas Manfaat Harus Diperhatikan

 #Sindonews #BukanBeritaBiasa .https://t.co/3vpL8qwFFm"
166,"Dprd: Jakarta Mampu Kantongi Rp60 Miliar Per Hari Jika Erp Diterapkan

https://t.co/w1II3sU5ud"
167,"Anggota Komisi V DPR RI dari Fraksi Partai Gerindra, Novita Wijayanti mengatakan, wacana penerapan jalan berbayar atau electronic road pricing (ERP) pada 25 titik jalan di DKI Jakarta untuk dikaji ulang."
168,"Pengamat Kebijakan Transportasi MTI (Masyarakat Transportasi Indonesia), Dr Eng. Ir. IB Ilham Malik menilai ERP tidak efektif diterapkan di DKI Jakarta. Ini alasannya.  https://t.co/6tvj8lou94"
169,Ketua Komisi B DPRD DKI Jakarta Ismail memimpin Rapat Kerja Komisi B terkait Penjelasan tentang rencana Pemberlakuan jalan Berbayar Elektronik (#ERP) di ruang rapat Komisi B pada Senin siang (16/1/2023). Rapat Kerja ini diskorsing dan akan dijadwalkan kembali pada pekan depan. https://t.co/oSbwY3sMfl
170,"Tarif ideal utk ERP di Jakarta dengan pertimbangan rata¬≤ pemasukan warga DKI:

Rata¬≤ penghasilan bekerja 20menit dari penghasilan terkecil: 

18rb : 3 = 6rb

Semoga #saran ini bisa dipertimbangkan oleh @Humas_DKI atau dinas terkait"
171,"Pemasukan dari Jalan Berbayar ERP di Jakarta Diperkirakan Capai Rp 60 Miliar, Ini Kata DPRD DKI
-
https://t.co/fMZj4TVICT
#Viral #Gempa #Opposite6890 #IkatanCinta #News #Islam #Muslim #Haram #KPOP #Oppa #Vaksin #Indonesia  #PeoplePower #Korea #Kdrama #Hacker #Tauhid #Artis https://t.co/hcRiXeJKzs"
172,"Pemasukan dari Jalan Berbayar ERP di Jakarta Diperkirakan Capai Rp 60 Miliar, Ini Kata DPRD DKI
-
https://t.co/FKGgjbar2l
#Viral #Gempa #Opposite6890 #IkatanCinta #News #Islam #Muslim #Haram #KPOP #Oppa #Vaksin #Indonesia  #PeoplePower #Korea #Kdrama #Hacker #Tauhid #Artis https://t.co/Js7jmUQ3sT"
173,"Terkait tarif, ERP di NY berkisar antara $4-5.5. Dgn min wage NY di $14.5/hour, maka biaya ERP ~ 20 menit kerja.

Utk Jakarta, dr data BPS penghasilan bersih rata¬≤ di kisaran 3.5-4.5jt/bln ~ 145-187rb/hari ~ 18-23rb/jam (asumsi kerja 24hr, 8jam per hari)

Jadi tarif idealnya..
++ https://t.co/38eu1Vvn5h"
174,"Dishub DKI Jakarta Tegaskan Penerapan ERP Sangat Penting untuk Mengurangi Kemacetan
-
https://t.co/D5hmWf2by7
#Viral #Gempa #Opposite6890 #IkatanCinta #News #Islam #Muslim #Haram #KPOP #Oppa #Vaksin #Indonesia  #PeoplePower #Korea #Kdrama #Hacker #Tauhid #Artis https://t.co/R50dNf44QC"
175,"Dishub DKI Jakarta Tegaskan Penerapan ERP Sangat Penting untuk Mengurangi Kemacetan
-
https://t.co/lHrEd3yWsh
#Viral #Gempa #Opposite6890 #IkatanCinta #News #Islam #Muslim #Haram #KPOP #Oppa #Vaksin #Indonesia  #PeoplePower #Korea #Kdrama #Hacker #Tauhid #Artis https://t.co/1JqF4T2rPi"
176,"Jakarta Berpotensi Kantongi hingga Rp 60 Miliar per Hari jika ERP Diterapkan
-
https://t.co/WdcV26S0Br
#Viral #Gempa #Opposite6890 #IkatanCinta #News #Islam #Muslim #Haram #KPOP #Oppa #Vaksin #Indonesia  #PeoplePower #Korea #Kdrama #Hacker #Tauhid #Artis https://t.co/YU3puFbtav"
177,"Jakarta Berpotensi Kantongi hingga Rp 60 Miliar per Hari jika ERP Diterapkan
-
https://t.co/zCM5bTMxk9
#Viral #Gempa #Opposite6890 #IkatanCinta #News #Islam #Muslim #Haram #KPOP #Oppa #Vaksin #Indonesia  #PeoplePower #Korea #Kdrama #Hacker #Tauhid #Artis https://t.co/YOpJomFLzc"
178,"Tolak Rencana ERP di 25 Ruas Jalan Ibu Kota, NasDem DKI: Jalan Itu Dibuat Pakai Uang Rakyat, Kenapa Harus Bayar? https://t.co/AAhNB4zT9T"
179,"Menurut kalian gimana nih gaes?ü§î
Reply twit ini yaa

#MUDA #Mulaidarikita #MUDANews #MUDACaritahu #ERP #jakarta https://t.co/z2CHsJDGeu"
180,Setoran ERP Harian Capai Rp 60 M Tapi Tambah Beban Pengendara Jakarta https://t.co/gNcrkhGICL
181,"Electronic Road Pricing (ERP) atau jalan berbayar elektronik di 25 ruas jalan ini tidak hanya dibebankan pada pengguna roda empat atau mobil, tapi juga roda dua atau sepeda motor termasuk ojek online (ojol).

https://t.co/aXRO1N6zne https://t.co/ZFdhzsojbk"
182,Setoran ERP Bakal Capai Rp 60 M Tapi Tambah Beban Pengendara Jakarta https://t.co/2AHR3N0LLu
183,Semakin tidak nyaman motoran di jakarta kalau bener motor kena ERP juga.
184,Semakin tidak nyaman motoran di jakarta kalau bener motor kena ERP juga.
185,"""pemerintah Jakarta bisa curi Rp60 Miliar uang warga tiap hari jika ERP diterapkan"" https://t.co/c8qxvzRVrZ https://t.co/LuPRV1XzOK"
186,"@Ronnie_Rusli Utang LN urusan negara
ERP urusan Pemprov DKI Jakarta
ü§îü§îü§î"
187,"Sekjen PAS Indonesia Keberatan Penerapan ERP di DKI Jakarta 

https://t.co/sD0XXr2ZQy via @transonlinecom"
188,Wacana Kebijakan ERP di Jakarta dan Praktiknya di Singapura dan Stockholm https://t.co/OMsqGXSc3S
189,"Wow Jakarta cuan Rp60 miliar jika ERP diterapkan. Kamu setuju gak?

https://t.co/B1OCzkDin6"
190,Wacana Kebijakan ERP di Jakarta dan Praktiknya di Singapura dan Stockholm https://t.co/bEQIN3RUDx
191,"DPRD: Jakarta Bisa Kantongi Rp60 Miliar per Hari jika ERP Diterapkan

https://t.co/tWv4WgLtnt"
192,"Rencana Pemprov DKI Jakarta untuk menerapkan ERP, dikritisi pengamat kebijakan publik Emilda Tanjung, https://t.co/IQYdSet5fm.. Ia menyatakan, kebijakan ERP ini menyalahi hak setiap orang yang menggunakan fasilitas umum. #FlashNews"
193,@CNNIndonesia Barti rakyat pengguna jalan jakarta secara keseluruhan kehilangan 60 miliar per hari jika ERP diterapkan
194,"Rencana Pemprov DKI Jakarta untuk menerapkan ERP, dikritisi pengamat kebijakan publik Emilda Tanjung, https://t.co/nzdbWMAPJ9.. Ia menyatakan, kebijakan ERP ini menyalahi hak setiap orang yg menggunakan fasilitas umum. #FlashNews 

https://t.co/XZR9ACcCy0

https://t.co/m75NPvAakV"
195,"Pemerintah Provinsi (Pemprov) DKI Jakarta berencana menerapkan sistem jalan berbayar atau electronic road pricing (ERP) di 25 ruas jalan. 

Terkait hal ini, Fraksi PKB DPRD DKI Jakarta menolak rencana tersebut, dengan beberapa alasan. Berikut alasan Fraksi PKB DPRD DKI Jakarta. https://t.co/r2OxH9OpTi"
196,DKI Jakarta Bisa Raup Rp60 Miliar Per Hari Jika ERP Diterapkan https://t.co/hx7NCElaJN
197,"Ketua Presidium Indonesia Traffic Watch (ITW) Edison Siahaan mengatakan, jika penerapan ERP sudah memenuhi syarat, bisa saja diterapkan. Namun, ada beberapa hal yang masih harus menjadi perhatian.  https://t.co/uNtucwaNHa"
198,"Melintas di Ruas Jalan ERP di Jakarta, Sepeda Motor Dikenakan¬†Tarif https://t.co/8epmbMbgCS"
199,"#OTOMOTIF 

Jalan Berbayar ERP Jakarta, Bagaimana Nasib Ojol?
https://t.co/q0U0GDwecx 

#11N1"
200,"Rencana Pemprov DKI Jakarta untuk menerapkan ERP, dikritisi pengamat kebijakan publik Emilda Tanjung, https://t.co/uZLs1CZwjY.. Ia menyatakan, kebijakan ERP ini menyalahi hak setiap orang yang menggunakan fasilitas umum. #FlashNews

https://t.co/LeOikjrNtu https://t.co/X3gJiQI26q"
201,Penerapan Jalan Berbayar Elektronik (ERP) di beberapa Jalan di kawasan DKI Jakarta punya dampak Positif dan Negatif
202,"Pemerintah Provinsi (Pemprov) DKI Jakarta berencana untuk menerapkan kebijakan jalan berbayar atau electronic road pricing (ERP) di sejumlah ruas ibu kota.

Nilai keuntungan yang cukup besar pun bisa diperoleh dari kebijakan tersebut.
https://t.co/kpkBGkk1ZY https://t.co/4G9HfbJaxe"
203,"Ojek Online Bilang Begini Soal Penerapan Electronic Road Pricing di DKI Jakarta

Pemerintah DKI Jakarta berencana menerapkan tarif jalan berbayar atau electronic road pricing (ERP) untuk kendaraan pribadi, tak terkecuali roda dua. https://t.co/fimh34zVuL"
204,"Kebijakan ERP adalah salah satu bentuk penerapan push-and-pull dalam masalah kemacetan. 

ERP menjadi semacam push dan disinsentif bagi para pemilik kendaraan pribadi.

https://t.co/k02wAoq31U"
205,@thedufresne Mungkin asumsi setiap mobil di Jakarta jalan setiap hari dan lewat jalanan ERP
206,"https://t.co/4VOOkFAPN4 pun menjajal bus transjakarta menuju rute tersibuk dari Halte Indosiar, Jakarta Barat ke Halte Harmoni, Jakarta Pusat, Selasa (17/1/2023). https://t.co/43edU12cuL"
207,ERP tdk menjamin jalan Jakarta jd lancar di jam sibuk. Tapi ERP menjamin investor untung besar tanpa sibuk. @hnurwahid @MardaniAliSera @DrKurniasihPKS @adangdaradjatun @JJRizal
208,"Jadi Polemik, Dishub DKI Jelaskan Alasan Penerapan Jalan Berbayar ERP
https://t.co/QjXPbVXxjN"
209,"Hal itu disampaikan Syafrin ketika menjawab pertanyaan wartawan soal nasib ojol dlm kebijakan ERP. Syafrin mengatakan dalam usulan di PPLE, kendaraan yang kebal ERP salah satunya angkutan umum berpelat kuning.
https://t.co/w0tsAzNlzj"
210,"Rencana penerapan Electronic Road Pricing (ERP) atau jalan berbayar elektronik di 25 ruas jalan Jakarta pada 2023 tidak hanya dibebankan pada pengguna roda empat atau mobil saja, namun juga roda dua atau sepeda motor. https://t.co/YFxW7mX8uo https://t.co/UiBcy24mLa"
211,Padahal daripada ERP bikin aja parkiran di Jakarta per jam 250ribu. Kalo ditanyain tujuan utama buat mengurangi kendaraan pribadi. Kalo masih rame kendaraannya ya tinggal ngeles buat nambahin pendapatan daerah. https://t.co/owgZg6EzpP
212,Baiknya FPKS DPRD DKI menolak rencana pemberlakuan ERP karena masih ada upaya lain yg bisa diujicobakan utk mengurangi kepadatan lalu lintas Jakarta. @MardaniAliSera @hnurwahid @DrKurniasihPKS @adangdaradjatun @JJRizal
213,"Kan keren, keinginan para urbanis semakin banyak dipenuhi Jakarta. Trotoar lebar, jalur sepeda, taman2, MRT dan BRT, dan sekarang ERP

Apakah akan berfungsi sebagaimana mestinya itu nomor dua.. https://t.co/CpY9o6Csw6"
214,"Rencana Pemprov DKI Jakarta untuk menerapkan ERP, dikritisi pengamat kebijakan publik Emilda Tanjung, https://t.co/LW1rkGRaaU.. #FlashNews 

Baca: Sistem ERP, Menyalahi Hak Setiap Rakyat yang Memanfaatkan Fasilitas Umum

https://t.co/k8FCT76tbS

https://t.co/yBc4cv9PgR https://t.co/sTNMy6oUGY"
215,Sistem ERP di Jakarta Akan Berlaku Juga Untuk Motor dan Ojol https://t.co/SMrZar82nl #TempoVideo
216,Pengendara Motor di Jakarta Juga Bakal Kena ERP | https://t.co/Dpq7kWuM78
217,"Siap-siap, Sepeda Motor Juga Harus Bayar Saat Lewati Jalan yang Terapkan ERP di Jakarta https://t.co/gNfNjSy0hn"
218,"Rencana Pemprov DKI Jakarta untuk menerapkan ERP, dikritisi pengamat kebijakan publik Emilda Tanjung, https://t.co/bcH6Dzolkb.. Ia menyatakan, kebijakan ERP ini menyalahi hak setiap orang yang menggunakan fasilitas umum.
https://t.co/IIc8gLzE7U https://t.co/75QnYKsH6K"
219,"Pemprov DKI Jakarta memastikan bahwa pengendara kendaraan bermotor roda dua akan dikenai tarif layanan sistem jalan berbayar elektronik atau ERP. 

Kepastian soal pengemudi motor dikenai tarif telah dicantumkan dalam Raperda. &lt; #Megapolitan #ERP

https://t.co/r8fQvbrsZd"
220,"Pemprov DKI Jakarta berencana menerapkan jalan berbayar elektronik (ERP). Tarif yang diusulkan, mulai dari Rp5 ribu - Rp19 ribu. #Infografis #CNNIndonesia #detikNetwork  https://t.co/oMzH5TiFDn"
221,"Usulan Dishub DKI, pengendara kendaraan bermotor/berbasis listrik yang melewati jalan berbayar akan dikenai tarif Rp5.000-Rp19.000. PAA

Selengkapnya https://t.co/1cOp1OrqMX

#Motor #ERP #JalanBerbayar #Jakarta #DishubDKI #PemprovDKI #SeputariNewsRCTI https://t.co/yCmit8o1Bo"
222,@AnggaPutraF Hasil dari ERP saya lebih setuju lagi dipakai pembiayaan buat transportasi massal kedepannya agar semakin banyak line MRT dan LRT di Jakarta
223,Jakarta Bakal Untung Rp60 Miliar per Hari dari Jalan Berbayar ERP https://t.co/eKqB6Zu6Np
224,"Berita di @detikcom ini mungkin salah satu berita daring paling awal yang membahas rencana Electronic Road Pricing (ERP) di Jakarta. Jadi, ERP sama sekali bukan isu baru di ibu kota Indonesia. Sumber: https://t.co/9u4Zs1iuoY https://t.co/fvlVbqHYbu"
225,ERP Diprediksi Bisa Tambah Pendapatan DKI Jakarta hingga Rp60 Miliar Per Hari https://t.co/vTbiAgGWaB #TempoMetro
226,"ERP harus dikaji sih, terlalu banyak yang dikorbankan demi meraup keuntungan. 
Gua gatau arahnya kemana tapi kalo ada tindak korupsi atau pencitraan disana, fix jakarta bukan lagi tempat yang layak untuk ditinggali.
Leave Jakarta for good man, do not stay in Jakarta."
227,"ERP harus dikaji sih, terlalu banyak yang dikorbankan demi meraup keuntungan. 
Gua gatau arahnya kemana tapi kalo ada tindak korupsi atau pencitraan disana, fix jakarta bukan lagi tempat yang layak untuk ditinggali.
Leave Jakarta for good man, do not stay in Jakarta."
228,"Dengan adanya ERP, motor bisa kena buat jalan di jakarta dan harus bayar. Bahkan ojol pun kena. 
Ga menutup kemungkinan bukannya mengurangi kemacetan tapi menambah problematika ekonomi masyarakat menengah ke bawah, dan bakal terjadi banyak permasalahan sosial disana nantinya."
229,"Dengan adanya ERP, motor bisa kena buat jalan di jakarta dan harus bayar. Bahkan ojol pun kena. 
Ga menutup kemungkinan bukannya mengurangi kemacetan tapi menambah problematika ekonomi masyarakat menengah ke bawah, dan bakal terjadi banyak permasalahan sosial disana nantinya."
230,"Rencana Pemprov DKI Jakarta untuk menerapkan ERP, dikritisi pengamat kebijakan publik Emilda Tanjung, https://t.co/m49JgkdPXq.. Ia menyatakan, kebijakan ERP ini menyalahi hak setiap orang yang menggunakan fasilitas umum. #FlashNews.
https://t.co/RTXVigbXtS
https://t.co/mYrVf3tHLM https://t.co/qzUoyg45t4"
231,"Jalan Berbayar ERP Jakarta, Bagaimana Nasib Ojol? https://t.co/XtAn2Hyoru"
232,"Siap-siap, Sepeda Motor Juga Harus Bayar Saat Lewati Jalan yang Terapkan ERP di Jakarta https://t.co/QmkwXnkgIQ"
233,Pemprov DKI memastikan bahwa pengendara kendaraan bermotor roda dua akan dikenai tarif layanan sistem jalan berbayar elektronik (ERP). https://t.co/64tUSq6AvJ
234,"Pengendara Motor Dipastikan Akan Dikenai Tarif Jalan Berbayar atau ERP di Jakarta

Klik untuk baca: https://t.co/9QqSej5rKg"
235,"@msaid_didu Selain congestion tax dlm bentuk ERP, apa alternatif usul anda utk mengurai masalah kemacetan di Jakarta?
Jaklingko sdh dibikin bagus, tp ttp sj animo pengguna transportasi umum tdk meningkat significant shg tdk jg mengurai kemacetan.
Pemisahan pusat bisnis &amp; pusat pemerintahan?"
236,DPRD: Jakarta Bisa Kantongi Rp60 Miliar per Hari jika ERP Diterapkan https://t.co/sqSMx5jk9U
237,DPRD: Jakarta Bisa Kantongi Rp60 Miliar per Hari jika ERP Diterapkan https://t.co/rvyTbscjss
238,Pj Gubernur DKI Sebut ERP Masih Tunggu Pembahasan di DPRD Jakarta https://t.co/5SzkqnJDY8
239,"@TxtFromMando @karniilyas Raperda ERP Anies dibuat thn 2019. Artinya ada masa 3 tahun knp gak kunjung disahkan. 
Gw lebih penasaran dg alasan tsb, ketimbang main salah2an dg sejarah. Tapi itu gk bikin gw setuju jalanan arteri Jakarta diperlakukan seperti jalan tol. Siapapun pemimpinnya."
240,Geliat Kongsi Perusahaan Luhut dengan Swedia di Proyek ERP Jakarta https://t.co/pni9dQ8R99 https://t.co/TQpwjzbFLS
241,Ekonomi belum normal semua serba dipajaki. Politisi Partai Gerindra ini geram dengan kebijakan ERP Pemprov DKI - Jakarta Insider https://t.co/l1SLTQdtaP
242,"Dalam rancangan peraturan daerah (raperda) ERP, Dinas Perhubungan DKI Jakarta merencanakan tarif retribusi ERP paling kecil Rp5 ribu dan paling besar Rp19 ribu.#mediaindonesia
#referensibangsa
#ERP

Sumber: https://t.co/wc2luuyhit"
243,"DPRD DKI Jakarta memprediksi penerapan Electronic Road Pricing (ERP) mampu menambah pendapatan daerah hingga Rp60 miliar perhari. ‚ÄúKalau itu benar diterapkan tadi juga kita dapatkan info, itu tidak kurang per hari sekitar Rp30-60 miliar dana yang masuk,‚Äù‚Ä¶ https://t.co/7liUWdMugT"
244,Segini Keuntungan Jakarta Tiap Hari dari Kebijakan Jalan Berbayar ERP https://t.co/m1tpzKZ4vu
245,"Gw si dukung2 aja ERP di Jakarta.
Macet di sini udah parah butuh kebijakan ekstrim spy pengguna mobil pribadi beralih ke angkutan umum.
Segala cara dipake 3 in 1, ganjil genap tp warga bisa aja akalin.
At least coba dulu, di Singapura aja berhasil bs kurangi smp 24%. https://t.co/myodW0ouht"
246,"Komisi B DPRD Provinsi DKI Jakarta meminta dalam rancangan perda pemberlakuan PL2SE menegaskan bahwa Pemerintah Provinsi DKI Jakarta yang mengelola langsung jalan berbayar atau electronic road pricing (ERP).

#DPRDDKI #DKIJakarta #Jakarta 

https://t.co/T6I9wJokMn"
247,"Saran saya kpd Pak Ismail Anggota @fpksdkijakarta pelajari dulu dg baik tentang apa itu ERP, apa tujuan &amp; fungsi ERP.

Kasihan Rakyat Jakarta bila memiliki Wakil di DPRD yang memberikan pernyataan ttg hal yang tdk dipahami dg baik."
248,"Fantastis! Jakarta Bisa Untung Pilihan Miliar dari Kebijakan ERP

https://t.co/1PwYBe0vAV"
249,"Mau ada jalan berbayar atau electronic road pricing (ERP) di DKI Jakarta. Masih dalam pembahasan tapi, menurut klean bagaimana? Bagus buat menekan kemacetan apa nambah beban, apalagi yang cicilan motor belum lunas.

#LPSIndonesia #AmanAdaLPS #LPSAmanAda3T #SahabatNasabahIndonesia"
250,"CATAT! 25 Jalan dan Jenis Kendaraan Kena ERP Jakarta

https://t.co/9ZRchoJm90"
251,Raperda Jalan Berbayar di Jakarta Masukkan Sepeda Motor Terkena Aturan ERP https://t.co/7APvdifDfU #TempoMetro
252,Pemprov DKI Jakarta terus memantapkan rencana penerapan Electronic Road Pricing (ERP) atau jalan berbayar di ibu kota. Dinas Perhubungan (Dishub) DKI Jakarta memastikan usulan detail soal ERP akan dibahas bersama DPRD DKI Jakarta. Kadishub DKI Syafrin‚Ä¶ https://t.co/5oahggcBwh
253,"Tahukah kamu, SohIB?
@DKIJakarta berencana memberlakukan sistem #ERP di sejumlah ruas jalan #Jakarta

Salah satu tujuan penerapan #ElektronikRoadPricing adalah untuk mengurangi jumlah kendaraan di jalan agar tidak macet.

#IndonesiaBaik #JalanBerbayar #LaluLintas #KominfoNewsroom https://t.co/xd1xXlgUaI"
254,"Pemprov DKI Jakarta optimistis penerapan Electronic Road Pricing (ERP) dapat mengatasi kemacetan secara signifikan. Kepala Dinas Perhubungan DKI Jakarta, Syafrin Liputo menyebut pengaturan lalu lintas di Jakarta perlu segera dilakukan. ‚ÄúProgram ini yang‚Ä¶ https://t.co/GEnhuIHJEb"
255,"Pemprov DKI Jakarta harus memperbaiki layanan transportasi umum jika memang hendak menerapkan ERP.

Jangan sampai penerapan ERP malah membuat sengsara rakyat Jakarta. Setuju?
#JalanERP
#JalananBerbayar
#JalananJakarta @DishubDKI_JKT @wibiandrino @DKIJakarta https://t.co/Is2NklhMHV"
256,"Rencana penerapan jalan berbayar elektronik atau ERP di Jakarta masih menuai pro dan kontra. 

Namun, Dinas Perhubungan DKI Jakarta menyebut kebijakan ERP merupakan cara holistik untuk memecah kemacetan di Jakarta. &lt; #Megapolitan #ERP 

https://t.co/evVK7rfugY"
257,"Wacana ERP, Berikut Daftar Ruas Jalan di Jakarta yang akan Dikenakan¬†Biaya https://t.co/onQyRK8UCk"
258,Ketua Komisi B DPRD DKI Jakarta Ismail menyarankan sebaiknya sistem jalan berbayar elektronik atau ERP tak langsung diterapkan di 25 jalan di Jakarta. https://t.co/OkAHc13bLf
259,"Dengan tarif antara Rp 5.000-19.000 per kendaraan, pemasukan dari ERP di Jakarta bisa mencapai Rp 30 miliar-60 miliar per hari. https://t.co/cRJuDULlKz"
260,DPRD's regulation awaited for Jakarta ERP implementation https://t.co/DW48tObBve
261,"Soal ERP Berlaku Tahun 2023, Heru Budi Hartono Akui Pembahasan Aturan Masih Lama Prosesnya: Pj Gubernur DKI Jakarta Heru Budi Hartono buka suara soal kebijakan ERP atau jalan berbayar, simak selengkapnya. https://t.co/xtbzjyiBzS"
262,Dishub DKI Sebut ERP Solusi Holistik Pecah Kemacetan di Jakarta https://t.co/4wWv3PMCpX
263,Kebijakan ERP Dipilih Karena Ganjil Genap Tidak Efektif Urai Kemacetan di Jakarta https://t.co/ZbgPxWrOVc
264,Penerapan ERP Diprediksi mampu Hasilkan Rp60 Miliar dalam Sehari. Jumlah kendaraan bermotor baik roda dua dan roda empat yang keluar masuk Jakarta mencapai 17 juta kendaraan saat ini.  https://t.co/wc2luuyP81
265,"Penerapan Electronic Road Pricing (ERP) di Jakarta dinilai bakal membuat masalah baru.

https://t.co/QHmGkMX4tu"
266,"Mendorong orang utk menggunakan angkutan umum tentu butuh kendaraan yg memadai. Pertanyaannya, sanggup kah alat transportasi umum kita melayani warga Jabodetabek? 
Yang beraktifitas di Jakarta juga ada orang dari Bodetabek, nah itu mesti di-support¬†juga angkutan umumnya #ERP"
267,"Selama transportasi publik di Jakarta tdk ditingkatkan: 1) ekstensifikasi, 2) konektivitas, &amp; 3) kenyamanan-nya (ATAU yg paling minimum dibuat &amp; dipaparkan ‚Äúattainability‚Äù ketiga hal tsb dg jelas), maka rencana ERP terdengar bukan semata-mata utk mengatasi kemacetan. Begitukah?"
268,"Nah yang terbaru, rencananya Pemprov DKI Jakarta akan menerapkan kebijkan ERP (Electronic Road Pricing) atau jalan berbayar pada 25 ruas jalan di ibu kota, serta kebijakan ini dinilai sebuah langkah tepat untuk mengurangi kemacetan di Jakarta."
269,"Anggota DPR Anwar Hafid membeberkan sejumlah hal yang harus diperhatikan dalam penerapan jalan berbayar atau ERP di 25 ruas jalan ibu kota. Hal ini agar motifnya bukan asal mengejar pendapatan.
https://t.co/gCcqFrtKKe"
270,@karniilyas https://t.co/BTleZAPthn orang sekelas karni kok gini ya coba dibaca itu sejak jaman bang Yos thn 2004
271,"Anggota Komisi V DPR Anwar Hafid meminta pemerintah Provinsi (Pemprov) DKI Jakarta meninjau kembali rencana penerapan jalan berbayar (ERP) di 25 titik ruas jalan Jakarta. 
Selengkapnya
https://t.co/gLTlVtzSrG"
272,"Pemprov DKI Jakarta berencana menerapkan jalan berbayar elektronik (ERP). Tarif yang diusulkan, mulai dari Rp5 ribu - Rp19 ribu. https://t.co/BDSfPYVxmC #Infografis #CNNIndonesia https://t.co/s9Wn6ULpwF"
273,"Kalau bener dijadiin, sistem jalan ERP membuat ku males ke kota yang namanya Jakarta. Ngapain bayar kemacetan pake resiko tilang gage. Ngurangin macet bagusin infrastruktur publik dlu baru pke aturan aneh-aneh. Serasa infrastrukfur udh bagus narikin duit."
274,"Jalan mulai berbayar (ERP) yang dicanangkan dlu akan dilaksanaken. Area yg (harusnya) alternatif transportasi publiknya sudah baik. Dalam ketepatan waktu dan kenyamanannya.
@DKIJakarta
#erp #jalannontolberbayar #jakarta https://t.co/CEZwUyNF0K"
275,"Usulan untuk Jakarta agar penerapan sistem jalan berbayar (ERP) diterima masyarakat ...

https://t.co/AFxFLOXCOc"
276,"Pengamat: Penerapan ERP Di DKI Jakarta Bakal Membebani Masyarakat

https://t.co/ydBbAvodhd"
277,Tarif ERP Jakarta Diusulkan Mulai Rp5 Ribu https://t.co/gr1To8RpyA
278,Sistem ERP dianggap tak bisa diterapkan di Jakarta dalam waktu dekat karena Pemprov DKI masih harus membenahi layanan transportasi umum. https://t.co/C3Be41rGQ5
279,"Simak Penjelasan Bang PJ tentang ERP, 
PRO KONTRA JALAN BERBAYAR DI JAKARTA. RAKYAT JANGAN DIPALAKIN! https://t.co/NmFUvu0wLC via @YouTube
@aniesbaswedan 
@PutraJayaHusin 
@DishubDKI_JKT 
@DKIJakarta 
@RidhoRahmadi85 
@Relawananies 
@DPP_PartaiUmmat 
#UmmatMelawan_erp"
280,Rincian besaran tarif layanan sistem jalan berbayar elektronik atau ERP akan diatur dalam peraturan gubernur DKI Jakarta. https://t.co/UgffZl0Xgl
281,Penyusunan raperda Pengendalian Lalu Lintas Secara Elektronik (PL2SE) soal jalan berbayar atau ERP di Jakarta ditargetkan rampung pada 2023. https://t.co/YWug7dKWVe
282,"Anggota Fraksi PKS DPRD DKI Jakarta menilai durasi penerapan ERP, yakni pukul 05.00-22.00 WIB, terlalu lama. https://t.co/km4X4RMKcm"
283,"Menurut dia, Dishub DKI Jakarta harus riset terlebih dahulu sebelum menetapkan tarif ERP. https://t.co/OrCIDi6iNN"
284,"@Bang_Depok @alisyarief Wacana ERP sudah di rencanakan dari jamannya Gub Sutiyoso/Foke dari th 2006...üëáüèª

https://t.co/KzN7fJX8Y2"
285,"Namun, lanjut Taufik, terdapat sejumlah catatan bagi Pemerintah Provinsi (Pemprov) DKI Jakarta jika hendak menerapkan ERP. https://t.co/mp8tzIfC95"
286,"Sanksi yang dikenakan sebesar 10 kali lipat dari besaran atau nilai tarif tertinggi yang berlaku pada saat pelanggaran terjadi.
#kuatbaca #kuatbacacom #erp #sanksi #denda #jalanberbayarelektronik

https://t.co/23d5fr5Wzj"
287,INFOGRAFIS: Daftar Nama Jalan di Jakarta yang Bakal Menerapkan ERP https://t.co/xZVl2ICzfz
288,"Brdsrkn Raperda PLLE akn ada 25 ruas jln biasa di DKI jakarta berbayar scr elektronik berkisar Rp 5.000 - Rp 19.000 trgantung jenis kendaraan brbasis listrik, meniru singapura

Ini yg beli kndaraan listrik dgn jargon akn lbh murah brs kena prank gk sih?

https://t.co/SJEixIydYP"
289,"Wacana Jalan Berbayar di Jakarta, Kapolda Metro: Kita Ikut Alur Pemprov DKI: Polda Metro Jaya terus berkoordinasi dengan Pemprov DKI Jakarta untuk mematangkan rencana penerapan jalan berbayar elektronik atau Electronic Road Pricing (ERP). 

baca‚Ä¶ https://t.co/GCkc5ikgw0"
